title,ceremony_year,film_year,winner,imdb_id,imdb,imdb_votes,rt,rt_reviews,imdb_url,rt_url,academy_url,retrieved_at_utc
Anne of the Thousand Days,1970,1969,false,tt0064030,7.4,8925,43,14,https://www.imdb.com/title/tt0064030/,https://www.rottentomatoes.com/m/anne_of_the_thousand_days,https://www.oscars.org/oscars/ceremonies/1970,2026-09-15T17:21:20+00:00
Butch Cassidy and the Sundance Kid,1970,1969,false,tt0064115,8.0,239748,89,63,https://www.imdb.com/title/tt0064115/,https://www.rottentomatoes.com/m/1003318-butch_cassidy_and_the_sundance_kid,https://www.oscars.org/oscars/ceremonies/1970,2026-09-15T17:21:20+00:00
"Hello, Dolly!",1970,1969,false,tt0064418,7.1,18780,43,30,https://www.imdb.com/title/tt0064418/,https://www.rottentomatoes.com/m/hello_dolly,https://www.oscars.org/oscars/ceremonies/1970,2026-09-15T17:21:20+00:00
Midnight Cowboy,1970,1969,true,tt0064665,7.8,132802,89,114,https://www.imdb.com/title/tt0064665/,https://www.rottentomatoes.com/m/midnight_cowboy,https://www.oscars.org/oscars/ceremonies/1970,2026-09-15T17:21:20+00:00
Z,1970,1969,false,tt0065234,8.1,34424,94,53,https://www.imdb.com/title/tt0065234/,https://www.rottentomatoes.com/m/z,https://www.oscars.org/oscars/ceremonies/1970,2026-09-15T17:21:20+00:00
Airport,1971,1970,false,tt0065377,6.6,25141,72,18,https://www.imdb.com/title/tt0065377/,https://www.rottentomatoes.com/m/airport,https://www.oscars.org/oscars/ceremonies/1971,2026-09-15T17:21:20+00:00
Five Easy Pieces,1971,1970,false,tt0065724,7.3,45093,89,56,https://www.imdb.com/title/tt0065724/,https://www.rottentomatoes.com/m/five_easy_pieces,https://www.oscars.org/oscars/ceremonies/1971,2026-09-15T17:21:20+00:00
Love Story,1971,1970,false,tt0066011,6.9,40702,65,31,https://www.imdb.com/title/tt0066011/,https://www.rottentomatoes.com/m/love_story,https://www.oscars.org/oscars/ceremonies/1971,2026-09-15T17:21:20+00:00
M*A*S*H,1971,1970,false,tt0066026,7.3,83678,86,58,https://www.imdb.com/title/tt0066026/,https://www.rottentomatoes.com/m/mash,https://www.oscars.org/oscars/ceremonies/1971,2026-09-15T17:21:20+00:00
Patton,1971,1970,true,tt0066206,7.9,114208,92,51,https://www.imdb.com/title/tt0066206/,https://www.rottentomatoes.com/m/patton,https://www.oscars.org/oscars/ceremonies/1971,2026-09-15T17:21:20+00:00
A Clockwork Orange,1972,1971,false,tt0066921,8.2,944710,86,85,https://www.imdb.com/title/tt0066921/,https://www.rottentomatoes.com/m/clockwork_orange,https://www.oscars.org/oscars/ceremonies/1972,2026-09-15T17:21:20+00:00
Fiddler on the Roof,1972,1971,false,tt0067093,8.0,52812,81,78,https://www.imdb.com/title/tt0067093/,https://www.rottentomatoes.com/m/fiddler_on_the_roof,https://www.oscars.org/oscars/ceremonies/1972,2026-09-15T17:21:20+00:00
The French Connection,1972,1971,true,tt0067116,7.6,152446,97,93,https://www.imdb.com/title/tt0067116/,https://www.rottentomatoes.com/m/french_connection,https://www.oscars.org/oscars/ceremonies/1972,2026-09-15T17:21:20+00:00
The Last Picture Show,1972,1971,false,tt0067328,8.0,57618,98,115,https://www.imdb.com/title/tt0067328/,https://www.rottentomatoes.com/m/last_picture_show,https://www.oscars.org/oscars/ceremonies/1972,2026-09-15T17:21:20+00:00
Nicholas and Alexandra,1972,1971,false,tt0067483,7.2,6320,67,15,https://www.imdb.com/title/tt0067483/,https://www.rottentomatoes.com/m/1014986-nicholas_and_alexandra,https://www.oscars.org/oscars/ceremonies/1972,2026-09-15T17:21:20+00:00
Cabaret,1973,1972,false,tt0068327,7.8,64366,92,49,https://www.imdb.com/title/tt0068327/,https://www.rottentomatoes.com/m/cabaret,https://www.oscars.org/oscars/ceremonies/1973,2026-09-15T17:21:20+00:00
Deliverance,1973,1972,false,tt0068473,7.6,130148,90,69,https://www.imdb.com/title/tt0068473/,https://www.rottentomatoes.com/m/deliverance,https://www.oscars.org/oscars/ceremonies/1973,2026-09-15T17:21:20+00:00
The Emigrants,1973,1972,false,tt0067919,8.0,8406,94,16,https://www.imdb.com/title/tt0067919/,https://www.rottentomatoes.com/m/the_emigrants,https://www.oscars.org/oscars/ceremonies/1973,2026-09-15T17:21:20+00:00
The Godfather,1973,1972,true,tt0068646,9.2,2255510,97,155,https://www.imdb.com/title/tt0068646/,https://www.rottentomatoes.com/m/the_godfather,https://www.oscars.org/oscars/ceremonies/1973,2026-09-15T17:21:20+00:00
Sounder,1973,1972,false,tt0069303,7.5,5391,91,22,https://www.imdb.com/title/tt0069303/,https://www.rottentomatoes.com/m/sounder,https://www.oscars.org/oscars/ceremonies/1973,2026-09-15T17:21:20+00:00
American Graffiti,1974,1973,false,tt0069704,7.4,106684,95,64,https://www.imdb.com/title/tt0069704/,https://www.rottentomatoes.com/m/american_graffiti,https://www.oscars.org/oscars/ceremonies/1974,2026-09-15T17:21:20+00:00
Cries and Whispers,1974,1973,false,tt0069467,7.9,40258,92,37,https://www.imdb.com/title/tt0069467/,https://www.rottentomatoes.com/m/cries_and_whispers,https://www.oscars.org/oscars/ceremonies/1974,2026-09-15T17:21:20+00:00
The Exorcist,1974,1973,false,tt0070047,8.1,504723,78,178,https://www.imdb.com/title/tt0070047/,https://www.rottentomatoes.com/m/exorcist,https://www.oscars.org/oscars/ceremonies/1974,2026-09-15T17:21:20+00:00
The Sting,1974,1973,true,tt0070735,8.2,305778,93,109,https://www.imdb.com/title/tt0070735/,https://www.rottentomatoes.com/m/1020130-sting,https://www.oscars.org/oscars/ceremonies/1974,2026-09-15T17:21:20+00:00
A Touch of Class,1974,1973,false,tt0070819,6.5,3899,86,14,https://www.imdb.com/title/tt0070819/,https://www.rottentomatoes.com/m/touch_of_class,https://www.oscars.org/oscars/ceremonies/1974,2026-09-15T17:21:20+00:00
Chinatown,1975,1974,false,tt0071315,8.1,380066,98,144,https://www.imdb.com/title/tt0071315/,https://www.rottentomatoes.com/m/chinatown,https://www.oscars.org/oscars/ceremonies/1975,2026-09-15T17:21:20+00:00
The Conversation,1975,1974,false,tt0071360,7.7,137581,94,141,https://www.imdb.com/title/tt0071360/,https://www.rottentomatoes.com/m/the_conversation,https://www.oscars.org/oscars/ceremonies/1975,2026-09-15T17:21:20+00:00
The Godfather Part II,1975,1974,true,tt0071562,9.0,1512754,96,129,https://www.imdb.com/title/tt0071562/,https://www.rottentomatoes.com/m/the_godfather_part_ii,https://www.oscars.org/oscars/ceremonies/1975,2026-09-15T17:21:20+00:00
Lenny,1975,1974,false,tt0071746,7.5,19832,88,34,https://www.imdb.com/title/tt0071746/,https://www.rottentomatoes.com/m/lenny,https://www.oscars.org/oscars/ceremonies/1975,2026-09-15T17:21:20+00:00
The Towering Inferno,1975,1974,false,tt0072308,7.0,53511,69,91,https://www.imdb.com/title/tt0072308/,https://www.rottentomatoes.com/m/towering_inferno,https://www.oscars.org/oscars/ceremonies/1975,2026-09-15T17:21:20+00:00
Barry Lyndon,1976,1975,false,tt0072684,8.1,208248,78,156,https://www.imdb.com/title/tt0072684/,https://www.rottentomatoes.com/m/barry_lyndon,https://www.oscars.org/oscars/ceremonies/1976,2026-09-15T17:21:20+00:00
Dog Day Afternoon,1976,1975,false,tt0072890,8.0,294551,94,125,https://www.imdb.com/title/tt0072890/,https://www.rottentomatoes.com/m/dog_day_afternoon,https://www.oscars.org/oscars/ceremonies/1976,2026-09-15T17:21:20+00:00
Jaws,1976,1975,false,tt0073195,8.1,749842,97,178,https://www.imdb.com/title/tt0073195/,https://www.rottentomatoes.com/m/jaws,https://www.oscars.org/oscars/ceremonies/1976,2026-09-15T17:21:20+00:00
Nashville,1976,1975,false,tt0073440,7.6,31840,89,136,https://www.imdb.com/title/tt0073440/,https://www.rottentomatoes.com/m/nashville,https://www.oscars.org/oscars/ceremonies/1976,2026-09-15T17:21:20+00:00
One Flew over the Cuckoo's Nest,1976,1975,true,tt0073486,8.6,1166846,92,140,https://www.imdb.com/title/tt0073486/,https://www.rottentomatoes.com/m/one_flew_over_the_cuckoos_nest,https://www.oscars.org/oscars/ceremonies/1976,2026-09-15T17:21:20+00:00
All the President's Men,1977,1976,false,tt0074119,7.9,139377,95,76,https://www.imdb.com/title/tt0074119/,https://www.rottentomatoes.com/m/all_the_presidents_men,https://www.oscars.org/oscars/ceremonies/1977,2026-09-15T17:21:20+00:00
Bound for Glory,1977,1976,false,tt0074235,7.2,6105,80,25,https://www.imdb.com/title/tt0074235/,https://www.rottentomatoes.com/m/bound_for_glory,https://www.oscars.org/oscars/ceremonies/1977,2026-09-15T17:21:20+00:00
Network,1977,1976,false,tt0074958,8.0,187713,90,89,https://www.imdb.com/title/tt0074958/,https://www.rottentomatoes.com/m/network,https://www.oscars.org/oscars/ceremonies/1977,2026-09-15T17:21:20+00:00
Rocky,1977,1976,true,tt0075148,8.1,701612,93,74,https://www.imdb.com/title/tt0075148/,https://www.rottentomatoes.com/m/1017776-rocky,https://www.oscars.org/oscars/ceremonies/1977,2026-09-15T17:21:20+00:00
Taxi Driver,1977,1976,false,tt0075314,8.2,1041980,89,163,https://www.imdb.com/title/tt0075314/,https://www.rottentomatoes.com/m/taxi_driver,https://www.oscars.org/oscars/ceremonies/1977,2026-09-15T17:21:20+00:00
Annie Hall,1978,1977,true,tt0075686,7.9,292798,97,130,https://www.imdb.com/title/tt0075686/,https://www.rottentomatoes.com/m/annie_hall,https://www.oscars.org/oscars/ceremonies/1978,2026-09-15T17:21:20+00:00
The Goodbye Girl,1978,1977,false,tt0076095,7.4,17860,77,26,https://www.imdb.com/title/tt0076095/,https://www.rottentomatoes.com/m/1008623-goodbye_girl,https://www.oscars.org/oscars/ceremonies/1978,2026-09-15T17:21:20+00:00
Julia,1978,1977,false,tt0076245,7.0,11498,73,30,https://www.imdb.com/title/tt0076245/,https://www.rottentomatoes.com/m/julia1977,https://www.oscars.org/oscars/ceremonies/1978,2026-09-15T17:21:20+00:00
Star Wars,1978,1977,false,tt0076759,8.6,1588360,93,210,https://www.imdb.com/title/tt0076759/,https://www.rottentomatoes.com/m/star_wars_episode_iv_a_new_hope,https://www.oscars.org/oscars/ceremonies/1978,2026-09-15T17:21:20+00:00
The Turning Point,1978,1977,false,tt0076843,6.8,5654,63,27,https://www.imdb.com/title/tt0076843/,https://www.rottentomatoes.com/m/1022131-turning_point,https://www.oscars.org/oscars/ceremonies/1978,2026-09-15T17:21:20+00:00
Coming Home,1979,1978,false,tt0077362,7.3,16113,83,30,https://www.imdb.com/title/tt0077362/,https://www.rottentomatoes.com/m/1004559-coming_home,https://www.oscars.org/oscars/ceremonies/1979,2026-09-15T17:21:20+00:00
The Deer Hunter,1979,1978,true,tt0077416,8.1,389515,86,129,https://www.imdb.com/title/tt0077416/,https://www.rottentomatoes.com/m/the_deer_hunter,https://www.oscars.org/oscars/ceremonies/1979,2026-09-15T17:21:20+00:00
Heaven Can Wait,1979,1978,false,tt0077663,6.9,25972,82,51,https://www.imdb.com/title/tt0077663/,https://www.rottentomatoes.com/m/1009427-heaven_can_wait,https://www.oscars.org/oscars/ceremonies/1979,2026-09-15T17:21:20+00:00
Midnight Express,1979,1978,false,tt0077928,7.5,95737,90,31,https://www.imdb.com/title/tt0077928/,https://www.rottentomatoes.com/m/midnight_express,https://www.oscars.org/oscars/ceremonies/1979,2026-09-15T17:21:20+00:00
An Unmarried Woman,1979,1978,false,tt0078444,7.2,6993,90,29,https://www.imdb.com/title/tt0078444/,https://www.rottentomatoes.com/m/unmarried_woman,https://www.oscars.org/oscars/ceremonies/1979,2026-09-15T17:21:20+00:00
All That Jazz,1980,1979,false,tt0078754,7.8,41270,88,48,https://www.imdb.com/title/tt0078754/,https://www.rottentomatoes.com/m/all_that_jazz,https://www.oscars.org/oscars/ceremonies/1980,2026-09-15T17:21:20+00:00
Apocalypse Now,1980,1979,false,tt0078788,8.4,777965,91,150,https://www.imdb.com/title/tt0078788/,https://www.rottentomatoes.com/m/apocalypse_now,https://www.oscars.org/oscars/ceremonies/1980,2026-09-15T17:21:20+00:00
Breaking Away,1980,1979,false,tt0078902,7.7,27848,95,42,https://www.imdb.com/title/tt0078902/,https://www.rottentomatoes.com/m/breaking_away,https://www.oscars.org/oscars/ceremonies/1980,2026-09-15T17:21:20+00:00
Kramer vs. Kramer,1980,1979,true,tt0079417,7.8,168140,90,102,https://www.imdb.com/title/tt0079417/,https://www.rottentomatoes.com/m/kramer_vs_kramer,https://www.oscars.org/oscars/ceremonies/1980,2026-09-15T17:21:20+00:00
Norma Rae,1980,1979,false,tt0079638,7.3,14210,91,32,https://www.imdb.com/title/tt0079638/,https://www.rottentomatoes.com/m/norma_rae,https://www.oscars.org/oscars/ceremonies/1980,2026-09-15T17:21:20+00:00
Coal Miner's Daughter,1981,1980,false,tt0080549,7.5,22504,84,63,https://www.imdb.com/title/tt0080549/,https://www.rottentomatoes.com/m/coal_miners_daughter,https://www.oscars.org/oscars/ceremonies/1981,2026-09-15T17:21:20+00:00
The Elephant Man,1981,1980,false,tt0080678,8.2,284420,91,67,https://www.imdb.com/title/tt0080678/,https://www.rottentomatoes.com/m/1006527-elephant_man,https://www.oscars.org/oscars/ceremonies/1981,2026-09-15T17:21:20+00:00
Ordinary People,1981,1980,true,tt0081283,7.7,62642,90,105,https://www.imdb.com/title/tt0081283/,https://www.rottentomatoes.com/m/ordinary_people,https://www.oscars.org/oscars/ceremonies/1981,2026-09-15T17:21:20+00:00
Raging Bull,1981,1980,false,tt0081398,8.1,414085,92,151,https://www.imdb.com/title/tt0081398/,https://www.rottentomatoes.com/m/raging_bull,https://www.oscars.org/oscars/ceremonies/1981,2026-09-15T17:21:20+00:00
Tess,1981,1980,false,tt0080009,7.3,20141,81,77,https://www.imdb.com/title/tt0080009/,https://www.rottentomatoes.com/m/tess,https://www.oscars.org/oscars/ceremonies/1981,2026-09-15T17:21:20+00:00
Atlantic City,1982,1981,false,tt0080388,7.3,19999,100,37,https://www.imdb.com/title/tt0080388/,https://www.rottentomatoes.com/m/atlantic_city,https://www.oscars.org/oscars/ceremonies/1982,2026-09-15T17:21:20+00:00
Chariots of Fire,1982,1981,true,tt0082158,7.1,71690,84,113,https://www.imdb.com/title/tt0082158/,https://www.rottentomatoes.com/m/chariots_of_fire,https://www.oscars.org/oscars/ceremonies/1982,2026-09-15T17:21:20+00:00
On Golden Pond,1982,1981,false,tt0082846,7.6,38129,91,46,https://www.imdb.com/title/tt0082846/,https://www.rottentomatoes.com/m/on_golden_pond,https://www.oscars.org/oscars/ceremonies/1982,2026-09-15T17:21:20+00:00
Raiders of the Lost Ark,1982,1981,false,tt0082971,8.4,1120769,94,157,https://www.imdb.com/title/tt0082971/,https://www.rottentomatoes.com/m/raiders_of_the_lost_ark,https://www.oscars.org/oscars/ceremonies/1982,2026-09-15T17:21:20+00:00
Reds,1982,1981,false,tt0082979,7.3,27046,90,49,https://www.imdb.com/title/tt0082979/,https://www.rottentomatoes.com/m/reds,https://www.oscars.org/oscars/ceremonies/1982,2026-09-15T17:21:20+00:00
E.T. The Extra-Terrestrial,1983,1982,false,tt0083866,7.9,476788,99,149,https://www.imdb.com/title/tt0083866/,https://www.rottentomatoes.com/m/et_the_extraterrestrial,https://www.oscars.org/oscars/ceremonies/1983,2026-09-15T17:21:20+00:00
Gandhi,1983,1982,true,tt0083987,8.0,247088,89,112,https://www.imdb.com/title/tt0083987/,https://www.rottentomatoes.com/m/gandhi,https://www.oscars.org/oscars/ceremonies/1983,2026-09-15T17:21:20+00:00
Missing,1983,1982,false,tt0084335,7.7,24647,94,35,https://www.imdb.com/title/tt0084335/,https://www.rottentomatoes.com/m/1014007-missing,https://www.oscars.org/oscars/ceremonies/1983,2026-09-15T17:21:20+00:00
Tootsie,1983,1982,false,tt0084805,7.4,123891,91,54,https://www.imdb.com/title/tt0084805/,https://www.rottentomatoes.com/m/tootsie,https://www.oscars.org/oscars/ceremonies/1983,2026-09-15T17:21:20+00:00
The Verdict,1983,1982,false,tt0084855,7.7,51361,88,40,https://www.imdb.com/title/tt0084855/,https://www.rottentomatoes.com/m/verdict,https://www.oscars.org/oscars/ceremonies/1983,2026-09-15T17:21:20+00:00
The Big Chill,1984,1983,false,tt0085244,7.1,46014,70,43,https://www.imdb.com/title/tt0085244/,https://www.rottentomatoes.com/m/big_chill,https://www.oscars.org/oscars/ceremonies/1984,2026-09-15T17:21:20+00:00
The Dresser,1984,1983,false,tt0085461,7.4,6449,100,15,https://www.imdb.com/title/tt0085461/,https://www.rottentomatoes.com/m/dresser,https://www.oscars.org/oscars/ceremonies/1984,2026-09-15T17:21:20+00:00
The Right Stuff,1984,1983,false,tt0086197,7.8,68523,96,53,https://www.imdb.com/title/tt0086197/,https://www.rottentomatoes.com/m/the_right_stuff,https://www.oscars.org/oscars/ceremonies/1984,2026-09-15T17:21:20+00:00
Tender Mercies,1984,1983,false,tt0086423,7.3,14685,83,30,https://www.imdb.com/title/tt0086423/,https://www.rottentomatoes.com/m/tender_mercies,https://www.oscars.org/oscars/ceremonies/1984,2026-09-15T17:21:20+00:00
Terms of Endearment,1984,1983,true,tt0086425,7.4,71420,81,108,https://www.imdb.com/title/tt0086425/,https://www.rottentomatoes.com/m/terms_of_endearment,https://www.oscars.org/oscars/ceremonies/1984,2026-09-15T17:21:20+00:00
Amadeus,1985,1984,true,tt0086879,8.4,473310,90,160,https://www.imdb.com/title/tt0086879/,https://www.rottentomatoes.com/m/amadeus,https://www.oscars.org/oscars/ceremonies/1985,2026-09-15T17:21:20+00:00
The Killing Fields,1985,1984,false,tt0087553,7.8,64327,91,45,https://www.imdb.com/title/tt0087553/,https://www.rottentomatoes.com/m/killing_fields,https://www.oscars.org/oscars/ceremonies/1985,2026-09-15T17:21:20+00:00
A Passage to India,1985,1984,false,tt0087892,7.3,23556,77,30,https://www.imdb.com/title/tt0087892/,https://www.rottentomatoes.com/m/passage_to_india,https://www.oscars.org/oscars/ceremonies/1985,2026-09-15T17:21:20+00:00
Places in the Heart,1985,1984,false,tt0087921,7.4,15926,90,41,https://www.imdb.com/title/tt0087921/,https://www.rottentomatoes.com/m/places_in_the_heart,https://www.oscars.org/oscars/ceremonies/1985,2026-09-15T17:21:20+00:00
A Soldier's Story,1985,1984,false,tt0088146,7.2,12768,91,23,https://www.imdb.com/title/tt0088146/,https://www.rottentomatoes.com/m/soldiers_story,https://www.oscars.org/oscars/ceremonies/1985,2026-09-15T17:21:20+00:00
The Color Purple,1986,1985,false,tt0088939,7.7,105387,73,128,https://www.imdb.com/title/tt0088939/,https://www.rottentomatoes.com/m/color_purple,https://www.oscars.org/oscars/ceremonies/1986,2026-09-15T17:21:20+00:00
Kiss of the Spider Woman,1986,1985,false,tt0089424,7.3,19652,88,40,https://www.imdb.com/title/tt0089424/,https://www.rottentomatoes.com/m/kiss_of_the_spider_woman,https://www.oscars.org/oscars/ceremonies/1986,2026-09-15T17:21:20+00:00
Out of Africa,1986,1985,true,tt0089755,7.2,94193,62,90,https://www.imdb.com/title/tt0089755/,https://www.rottentomatoes.com/m/out_of_africa,https://www.oscars.org/oscars/ceremonies/1986,2026-09-15T17:21:20+00:00
Prizzi's Honor,1986,1985,false,tt0089841,6.7,28871,85,41,https://www.imdb.com/title/tt0089841/,https://www.rottentomatoes.com/m/prizzis_honor,https://www.oscars.org/oscars/ceremonies/1986,2026-09-15T17:21:20+00:00
Witness,1986,1985,false,tt0090329,7.3,115441,92,48,https://www.imdb.com/title/tt0090329/,https://www.rottentomatoes.com/m/1023854-witness,https://www.oscars.org/oscars/ceremonies/1986,2026-09-15T17:21:20+00:00
Children of a Lesser God,1987,1986,false,tt0090830,7.2,20228,81,37,https://www.imdb.com/title/tt0090830/,https://www.rottentomatoes.com/m/children_of_a_lesser_god,https://www.oscars.org/oscars/ceremonies/1987,2026-09-15T17:21:20+00:00
Hannah and Her Sisters,1987,1986,false,tt0091167,7.8,82188,92,59,https://www.imdb.com/title/tt0091167/,https://www.rottentomatoes.com/m/hannah_and_her_sisters,https://www.oscars.org/oscars/ceremonies/1987,2026-09-15T17:21:20+00:00
The Mission,1987,1986,false,tt0091530,7.4,70382,63,30,https://www.imdb.com/title/tt0091530/,https://www.rottentomatoes.com/m/1014027-mission,https://www.oscars.org/oscars/ceremonies/1987,2026-09-15T17:21:20+00:00
Platoon,1987,1986,true,tt0091763,8.0,477047,89,122,https://www.imdb.com/title/tt0091763/,https://www.rottentomatoes.com/m/platoon,https://www.oscars.org/oscars/ceremonies/1987,2026-09-15T17:21:20+00:00
A Room with a View,1987,1986,false,tt0091867,7.2,53130,100,37,https://www.imdb.com/title/tt0091867/,https://www.rottentomatoes.com/m/a_room_with_a_view_1985,https://www.oscars.org/oscars/ceremonies/1987,2026-09-15T17:21:20+00:00
Broadcast News,1988,1987,false,tt0092699,7.3,37193,98,59,https://www.imdb.com/title/tt0092699/,https://www.rottentomatoes.com/m/broadcast_news,https://www.oscars.org/oscars/ceremonies/1988,2026-09-15T17:21:20+00:00
Fatal Attraction,1988,1987,false,tt0093010,6.9,112946,74,61,https://www.imdb.com/title/tt0093010/,https://www.rottentomatoes.com/m/1007141-fatal_attraction,https://www.oscars.org/oscars/ceremonies/1988,2026-09-15T17:21:20+00:00
Hope and Glory,1988,1987,false,tt0093209,7.3,16065,96,28,https://www.imdb.com/title/tt0093209/,https://www.rottentomatoes.com/m/hope_and_glory,https://www.oscars.org/oscars/ceremonies/1988,2026-09-15T17:21:20+00:00
The Last Emperor,1988,1987,true,tt0093389,7.7,120964,86,125,https://www.imdb.com/title/tt0093389/,https://www.rottentomatoes.com/m/last_emperor,https://www.oscars.org/oscars/ceremonies/1988,2026-09-15T17:21:20+00:00
Moonstruck,1988,1987,false,tt0093565,7.2,79402,90,77,https://www.imdb.com/title/tt0093565/,https://www.rottentomatoes.com/m/moonstruck,https://www.oscars.org/oscars/ceremonies/1988,2026-09-15T17:21:20+00:00
The Accidental Tourist,1989,1988,false,tt0094606,6.7,18725,82,34,https://www.imdb.com/title/tt0094606/,https://www.rottentomatoes.com/m/accidental_tourist,https://www.oscars.org/oscars/ceremonies/1989,2026-09-15T17:21:20+00:00
Dangerous Liaisons,1989,1988,false,tt0094947,7.5,80768,91,35,https://www.imdb.com/title/tt0094947/,https://www.rottentomatoes.com/m/1005199-dangerous_liaisons,https://www.oscars.org/oscars/ceremonies/1989,2026-09-15T17:21:20+00:00
Mississippi Burning,1989,1988,false,tt0095647,7.8,128873,79,29,https://www.imdb.com/title/tt0095647/,https://www.rottentomatoes.com/m/mississippi_burning,https://www.oscars.org/oscars/ceremonies/1989,2026-09-15T17:21:20+00:00
Rain Man,1989,1988,true,tt0095953,8.0,589825,88,137,https://www.imdb.com/title/tt0095953/,https://www.rottentomatoes.com/m/rain_man,https://www.oscars.org/oscars/ceremonies/1989,2026-09-15T17:21:20+00:00
Working Girl,1989,1988,false,tt0096463,6.8,68715,85,47,https://www.imdb.com/title/tt0096463/,https://www.rottentomatoes.com/m/working_girl,https://www.oscars.org/oscars/ceremonies/1989,2026-09-15T17:21:20+00:00
Born on the Fourth of July,1990,1989,false,tt0096969,7.2,126044,84,56,https://www.imdb.com/title/tt0096969/,https://www.rottentomatoes.com/m/born_on_the_fourth_of_july,https://www.oscars.org/oscars/ceremonies/1990,2026-09-15T17:21:20+00:00
Dead Poets Society,1990,1989,false,tt0097165,8.1,668861,85,66,https://www.imdb.com/title/tt0097165/,https://www.rottentomatoes.com/m/dead_poets_society,https://www.oscars.org/oscars/ceremonies/1990,2026-09-15T17:21:20+00:00
Driving Miss Daisy,1990,1989,true,tt0097239,7.3,124636,85,106,https://www.imdb.com/title/tt0097239/,https://www.rottentomatoes.com/m/driving_miss_daisy,https://www.oscars.org/oscars/ceremonies/1990,2026-09-15T17:21:20+00:00
Field of Dreams,1990,1989,false,tt0097351,7.5,142358,88,65,https://www.imdb.com/title/tt0097351/,https://www.rottentomatoes.com/m/field_of_dreams,https://www.oscars.org/oscars/ceremonies/1990,2026-09-15T17:21:20+00:00
My Left Foot,1990,1989,false,tt0097937,7.8,85979,98,45,https://www.imdb.com/title/tt0097937/,https://www.rottentomatoes.com/m/my_left_foot,https://www.oscars.org/oscars/ceremonies/1990,2026-09-15T17:21:20+00:00
Awakenings,1991,1990,false,tt0099077,7.8,178795,81,37,https://www.imdb.com/title/tt0099077/,https://www.rottentomatoes.com/m/1032970-awakenings,https://www.oscars.org/oscars/ceremonies/1991,2026-09-15T17:21:20+00:00
Dances With Wolves,1991,1990,true,tt0099348,8.0,313166,87,132,https://www.imdb.com/title/tt0099348/,https://www.rottentomatoes.com/m/dances_with_wolves,https://www.oscars.org/oscars/ceremonies/1991,2026-09-15T17:21:20+00:00
Ghost,1991,1990,false,tt0099653,7.1,259431,74,82,https://www.imdb.com/title/tt0099653/,https://www.rottentomatoes.com/m/1031086-ghost,https://www.oscars.org/oscars/ceremonies/1991,2026-09-15T17:21:20+00:00
"The Godfather, Part III",1991,1990,false,tt0099674,7.5,460605,67,69,https://www.imdb.com/title/tt0099674/,https://www.rottentomatoes.com/m/godfather_part_iii,https://www.oscars.org/oscars/ceremonies/1991,2026-09-15T17:21:20+00:00
Good Fellas,1991,1990,false,tt0099685,8.7,1412586,93,168,https://www.imdb.com/title/tt0099685/,https://www.rottentomatoes.com/m/1032176-goodfellas,https://www.oscars.org/oscars/ceremonies/1991,2026-09-15T17:21:20+00:00
Beauty and the Beast,1992,1991,false,tt0101414,8.0,509633,95,170,https://www.imdb.com/title/tt0101414/,https://www.rottentomatoes.com/m/beauty_and_the_beast_1991,https://www.oscars.org/oscars/ceremonies/1992,2026-09-15T17:21:20+00:00
Bugsy,1992,1991,false,tt0101516,6.8,34032,84,64,https://www.imdb.com/title/tt0101516/,https://www.rottentomatoes.com/m/bugsy,https://www.oscars.org/oscars/ceremonies/1992,2026-09-15T17:21:20+00:00
JFK,1992,1991,false,tt0102138,8.0,183454,85,73,https://www.imdb.com/title/tt0102138/,https://www.rottentomatoes.com/m/1037756-jfk,https://www.oscars.org/oscars/ceremonies/1992,2026-09-15T17:21:20+00:00
The Prince of Tides,1992,1991,false,tt0102713,6.8,21708,69,35,https://www.imdb.com/title/tt0102713/,https://www.rottentomatoes.com/m/prince_of_tides,https://www.oscars.org/oscars/ceremonies/1992,2026-09-15T17:21:20+00:00
The Silence of the Lambs,1992,1991,true,tt0102926,8.6,1748749,95,161,https://www.imdb.com/title/tt0102926/,https://www.rottentomatoes.com/m/silence_of_the_lambs,https://www.oscars.org/oscars/ceremonies/1992,2026-09-15T17:21:20+00:00
The Crying Game,1993,1992,false,tt0104036,7.2,63891,95,75,https://www.imdb.com/title/tt0104036/,https://www.rottentomatoes.com/m/crying_game,https://www.oscars.org/oscars/ceremonies/1993,2026-09-15T17:21:20+00:00
A Few Good Men,1993,1992,false,tt0104257,7.8,321695,85,135,https://www.imdb.com/title/tt0104257/,https://www.rottentomatoes.com/m/few_good_men,https://www.oscars.org/oscars/ceremonies/1993,2026-09-15T17:21:20+00:00
Howards End,1993,1992,false,tt0104454,7.3,39055,94,72,https://www.imdb.com/title/tt0104454/,https://www.rottentomatoes.com/m/howards_end,https://www.oscars.org/oscars/ceremonies/1993,2026-09-15T17:21:20+00:00
Scent of a Woman,1993,1992,false,tt0105323,8.0,376127,82,50,https://www.imdb.com/title/tt0105323/,https://www.rottentomatoes.com/m/1042193-scent_of_a_woman,https://www.oscars.org/oscars/ceremonies/1993,2026-09-15T17:21:20+00:00
Unforgiven,1993,1992,true,tt0105695,8.2,472770,96,107,https://www.imdb.com/title/tt0105695/,https://www.rottentomatoes.com/m/1041911-unforgiven,https://www.oscars.org/oscars/ceremonies/1993,2026-09-15T17:21:20+00:00
The Fugitive,1994,1993,false,tt0106977,7.8,350404,96,84,https://www.imdb.com/title/tt0106977/,https://www.rottentomatoes.com/m/1046129-fugitive,https://www.oscars.org/oscars/ceremonies/1994,2026-09-15T17:21:20+00:00
In the Name of the Father,1994,1993,false,tt0107207,8.1,204746,94,50,https://www.imdb.com/title/tt0107207/,https://www.rottentomatoes.com/m/in_the_name_of_the_father,https://www.oscars.org/oscars/ceremonies/1994,2026-09-15T17:21:20+00:00
The Piano,1994,1993,false,tt0107822,7.5,102517,90,73,https://www.imdb.com/title/tt0107822/,https://www.rottentomatoes.com/m/piano,https://www.oscars.org/oscars/ceremonies/1994,2026-09-15T17:21:20+00:00
The Remains of the Day,1994,1993,false,tt0107943,7.8,94164,96,47,https://www.imdb.com/title/tt0107943/,https://www.rottentomatoes.com/m/remains_of_the_day,https://www.oscars.org/oscars/ceremonies/1994,2026-09-15T17:21:20+00:00
Schindler's List,1994,1993,true,tt0108052,9.0,1602885,98,135,https://www.imdb.com/title/tt0108052/,https://www.rottentomatoes.com/m/schindlers_list,https://www.oscars.org/oscars/ceremonies/1994,2026-09-15T17:21:20+00:00
Forrest Gump,1995,1994,true,tt0109830,8.8,2534246,75,159,https://www.imdb.com/title/tt0109830/,https://www.rottentomatoes.com/m/forrest_gump,https://www.oscars.org/oscars/ceremonies/1995,2026-09-15T17:21:20+00:00
Four Weddings and a Funeral,1995,1994,false,tt0109831,7.1,184473,92,133,https://www.imdb.com/title/tt0109831/,https://www.rottentomatoes.com/m/four_weddings_and_a_funeral,https://www.oscars.org/oscars/ceremonies/1995,2026-09-15T17:21:20+00:00
Pulp Fiction,1995,1994,false,tt0110912,8.8,2466897,92,186,https://www.imdb.com/title/tt0110912/,https://www.rottentomatoes.com/m/pulp_fiction,https://www.oscars.org/oscars/ceremonies/1995,2026-09-15T17:21:20+00:00
Quiz Show,1995,1994,false,tt0110932,7.5,78421,97,116,https://www.imdb.com/title/tt0110932/,https://www.rottentomatoes.com/m/quiz_show,https://www.oscars.org/oscars/ceremonies/1995,2026-09-15T17:21:20+00:00
The Shawshank Redemption,1995,1994,false,tt0111161,9.3,3237527,89,147,https://www.imdb.com/title/tt0111161/,https://www.rottentomatoes.com/m/shawshank_redemption,https://www.oscars.org/oscars/ceremonies/1995,2026-09-15T17:21:20+00:00
Apollo 13,1996,1995,false,tt0112384,7.7,342758,92,158,https://www.imdb.com/title/tt0112384/,https://www.rottentomatoes.com/m/apollo_13,https://www.oscars.org/oscars/ceremonies/1996,2026-09-15T17:21:20+00:00
Babe,1996,1995,false,tt0112431,6.9,143914,98,124,https://www.imdb.com/title/tt0112431/,https://www.rottentomatoes.com/m/1065598-babe,https://www.oscars.org/oscars/ceremonies/1996,2026-09-15T17:21:20+00:00
Braveheart,1996,1995,true,tt0112573,8.3,1172235,74,140,https://www.imdb.com/title/tt0112573/,https://www.rottentomatoes.com/m/1065684-braveheart,https://www.oscars.org/oscars/ceremonies/1996,2026-09-15T17:21:20+00:00
The Postman (Il Postino),1996,1995,false,tt0110877,7.8,41942,92,105,https://www.imdb.com/title/tt0110877/,https://www.rottentomatoes.com/m/il_postino_the_postman,https://www.oscars.org/oscars/ceremonies/1996,2026-09-15T17:21:20+00:00
Sense and Sensibility,1996,1995,false,tt0114388,7.7,137945,97,140,https://www.imdb.com/title/tt0114388/,https://www.rottentomatoes.com/m/1068832-sense_and_sensibility,https://www.oscars.org/oscars/ceremonies/1996,2026-09-15T17:21:20+00:00
The English Patient,1997,1996,true,tt0116209,7.4,215338,86,93,https://www.imdb.com/title/tt0116209/,https://www.rottentomatoes.com/m/english_patient,https://www.oscars.org/oscars/ceremonies/1997,2026-09-15T17:21:20+00:00
Fargo,1997,1996,false,tt0116282,8.1,796877,95,113,https://www.imdb.com/title/tt0116282/,https://www.rottentomatoes.com/m/fargo,https://www.oscars.org/oscars/ceremonies/1997,2026-09-15T17:21:20+00:00
Jerry Maguire,1997,1996,false,tt0116695,7.3,316110,86,154,https://www.imdb.com/title/tt0116695/,https://www.rottentomatoes.com/m/jerry_maguire,https://www.oscars.org/oscars/ceremonies/1997,2026-09-15T17:21:20+00:00
Secrets & Lies,1997,1996,false,tt0117589,8.0,50901,95,44,https://www.imdb.com/title/tt0117589/,https://www.rottentomatoes.com/m/secrets_and_lies,https://www.oscars.org/oscars/ceremonies/1997,2026-09-15T17:21:20+00:00
Shine,1997,1996,false,tt0117631,7.6,59341,91,43,https://www.imdb.com/title/tt0117631/,https://www.rottentomatoes.com/m/shine,https://www.oscars.org/oscars/ceremonies/1997,2026-09-15T17:21:20+00:00
As Good as It Gets,1998,1997,false,tt0119822,7.7,340300,86,84,https://www.imdb.com/title/tt0119822/,https://www.rottentomatoes.com/m/as_good_as_it_gets,https://www.oscars.org/oscars/ceremonies/1998,2026-09-15T17:21:20+00:00
The Full Monty,1998,1997,false,tt0119164,7.2,120870,96,55,https://www.imdb.com/title/tt0119164/,https://www.rottentomatoes.com/m/full_monty,https://www.oscars.org/oscars/ceremonies/1998,2026-09-15T17:21:20+00:00
Good Will Hunting,1998,1997,false,tt0119217,8.4,1241804,97,89,https://www.imdb.com/title/tt0119217/,https://www.rottentomatoes.com/m/good_will_hunting,https://www.oscars.org/oscars/ceremonies/1998,2026-09-15T17:21:20+00:00
L.A. Confidential,1998,1997,false,tt0119488,8.2,663767,99,165,https://www.imdb.com/title/tt0119488/,https://www.rottentomatoes.com/m/la_confidential,https://www.oscars.org/oscars/ceremonies/1998,2026-09-15T17:21:20+00:00
Titanic,1998,1997,true,tt0120338,8.0,1412706,88,256,https://www.imdb.com/title/tt0120338/,https://www.rottentomatoes.com/m/titanic,https://www.oscars.org/oscars/ceremonies/1998,2026-09-15T17:21:20+00:00
Elizabeth,1999,1998,false,tt0127536,7.4,110986,83,66,https://www.imdb.com/title/tt0127536/,https://www.rottentomatoes.com/m/1084153-elizabeth,https://www.oscars.org/oscars/ceremonies/1999,2026-09-15T17:21:20+00:00
Life Is Beautiful,1999,1998,false,tt0118799,8.6,822647,80,92,https://www.imdb.com/title/tt0118799/,https://www.rottentomatoes.com/m/1084398-life_is_beautiful,https://www.oscars.org/oscars/ceremonies/1999,2026-09-15T17:21:20+00:00
Saving Private Ryan,1999,1998,false,tt0120815,8.6,1661632,94,148,https://www.imdb.com/title/tt0120815/,https://www.rottentomatoes.com/m/saving_private_ryan,https://www.oscars.org/oscars/ceremonies/1999,2026-09-15T17:21:20+00:00
Shakespeare in Love,1999,1998,true,tt0138097,7.1,244358,93,147,https://www.imdb.com/title/tt0138097/,https://www.rottentomatoes.com/m/shakespeare_in_love,https://www.oscars.org/oscars/ceremonies/1999,2026-09-15T17:21:20+00:00
The Thin Red Line,1999,1998,false,tt0120863,7.6,213866,80,106,https://www.imdb.com/title/tt0120863/,https://www.rottentomatoes.com/m/1084146-thin_red_line,https://www.oscars.org/oscars/ceremonies/1999,2026-09-15T17:21:20+00:00
American Beauty,2000,1999,true,tt0169547,8.3,1288285,87,192,https://www.imdb.com/title/tt0169547/,https://www.rottentomatoes.com/m/american_beauty,https://www.oscars.org/oscars/ceremonies/2000,2026-09-15T17:08:46+00:00
The Cider House Rules,2000,1999,false,tt0124315,7.4,110216,72,109,https://www.imdb.com/title/tt0124315/,https://www.rottentomatoes.com/m/cider_house_rules,https://www.oscars.org/oscars/ceremonies/2000,2026-09-15T17:08:46+00:00
The Green Mile,2000,1999,false,tt0120689,8.6,1584591,78,134,https://www.imdb.com/title/tt0120689/,https://www.rottentomatoes.com/m/green_mile,https://www.oscars.org/oscars/ceremonies/2000,2026-09-15T17:08:46+00:00
The Insider,2000,1999,false,tt0140352,7.8,193338,96,135,https://www.imdb.com/title/tt0140352/,https://www.rottentomatoes.com/m/insider,https://www.oscars.org/oscars/ceremonies/2000,2026-09-15T17:08:46+00:00
The Sixth Sense,2000,1999,false,tt0167404,8.2,1162433,86,168,https://www.imdb.com/title/tt0167404/,https://www.rottentomatoes.com/m/sixth_sense,https://www.oscars.org/oscars/ceremonies/2000,2026-09-15T17:08:46+00:00
Chocolat,2001,2000,false,tt0241303,7.2,211601,63,163,https://www.imdb.com/title/tt0241303/,https://www.rottentomatoes.com/m/chocolat,https://www.oscars.org/oscars/ceremonies/2001,2026-09-15T17:08:46+00:00
"Crouching Tiger, Hidden Dragon",2001,2000,false,tt0190332,7.8,297319,96,216,https://www.imdb.com/title/tt0190332/,https://www.rottentomatoes.com/m/crouching_tiger_hidden_dragon,https://www.oscars.org/oscars/ceremonies/2001,2026-09-15T17:08:46+00:00
Erin Brockovich,2001,2000,false,tt0195685,7.5,249773,87,194,https://www.imdb.com/title/tt0195685/,https://www.rottentomatoes.com/m/erin_brockovich,https://www.oscars.org/oscars/ceremonies/2001,2026-09-15T17:08:46+00:00
Gladiator,2001,2000,true,tt0172495,8.5,1881340,80,265,https://www.imdb.com/title/tt0172495/,https://www.rottentomatoes.com/m/gladiator,https://www.oscars.org/oscars/ceremonies/2001,2026-09-15T17:08:46+00:00
Traffic,2001,2000,false,tt0181865,7.5,232062,93,225,https://www.imdb.com/title/tt0181865/,https://www.rottentomatoes.com/m/1103281-traffic,https://www.oscars.org/oscars/ceremonies/2001,2026-09-15T17:08:46+00:00
A Beautiful Mind,2002,2001,true,tt0268978,8.2,1063834,74,215,https://www.imdb.com/title/tt0268978/,https://www.rottentomatoes.com/m/beautiful_mind,https://www.oscars.org/oscars/ceremonies/2002,2026-09-15T17:08:46+00:00
Gosford Park,2002,2001,false,tt0280707,7.2,103466,87,163,https://www.imdb.com/title/tt0280707/,https://www.rottentomatoes.com/m/gosford_park,https://www.oscars.org/oscars/ceremonies/2002,2026-09-15T17:08:46+00:00
In the Bedroom,2002,2001,false,tt0247425,7.4,44714,93,142,https://www.imdb.com/title/tt0247425/,https://www.rottentomatoes.com/m/in_the_bedroom,https://www.oscars.org/oscars/ceremonies/2002,2026-09-15T17:08:46+00:00
The Lord of the Rings: The Fellowship of the Ring,2002,2001,false,tt0120737,8.9,2236289,91,271,https://www.imdb.com/title/tt0120737/,https://www.rottentomatoes.com/m/the_lord_of_the_rings_the_fellowship_of_the_ring,https://www.oscars.org/oscars/ceremonies/2002,2026-09-15T17:08:46+00:00
Moulin Rouge,2002,2001,false,tt0203009,7.5,316939,75,259,https://www.imdb.com/title/tt0203009/,https://www.rottentomatoes.com/m/moulin_rouge_2001,https://www.oscars.org/oscars/ceremonies/2002,2026-09-15T17:08:46+00:00
Chicago,2003,2002,true,tt0299658,7.2,258617,87,260,https://www.imdb.com/title/tt0299658/,https://www.rottentomatoes.com/m/chicago,https://www.oscars.org/oscars/ceremonies/2003,2026-09-15T17:08:46+00:00
Gangs of New York,2003,2002,false,tt0217505,7.5,510616,72,210,https://www.imdb.com/title/tt0217505/,https://www.rottentomatoes.com/m/gangs_of_new_york,https://www.oscars.org/oscars/ceremonies/2003,2026-09-15T17:08:46+00:00
The Hours,2003,2002,false,tt0274558,7.5,148045,79,194,https://www.imdb.com/title/tt0274558/,https://www.rottentomatoes.com/m/hours,https://www.oscars.org/oscars/ceremonies/2003,2026-09-15T17:08:46+00:00
The Lord of the Rings: The Two Towers,2003,2002,false,tt0167261,8.8,1983304,95,289,https://www.imdb.com/title/tt0167261/,https://www.rottentomatoes.com/m/the_lord_of_the_rings_the_two_towers,https://www.oscars.org/oscars/ceremonies/2003,2026-09-15T17:08:46+00:00
The Pianist,2003,2002,false,tt0253474,8.5,1024576,95,186,https://www.imdb.com/title/tt0253474/,https://www.rottentomatoes.com/m/pianist,https://www.oscars.org/oscars/ceremonies/2003,2026-09-15T17:08:46+00:00
The Lord of the Rings: The Return of the King,2004,2003,true,tt0167260,9.0,2192540,94,306,https://www.imdb.com/title/tt0167260/,https://www.rottentomatoes.com/m/the_lord_of_the_rings_the_return_of_the_king,https://www.oscars.org/oscars/ceremonies/2004,2026-09-15T17:08:46+00:00
Lost in Translation,2004,2003,false,tt0335266,7.7,534798,95,235,https://www.imdb.com/title/tt0335266/,https://www.rottentomatoes.com/m/lost_in_translation,https://www.oscars.org/oscars/ceremonies/2004,2026-09-15T17:08:46+00:00
Master and Commander: The Far Side of the World,2004,2003,false,tt0311113,7.5,259441,85,227,https://www.imdb.com/title/tt0311113/,https://www.rottentomatoes.com/m/master_and_commander_the_far_side_of_the_world,https://www.oscars.org/oscars/ceremonies/2004,2026-09-15T17:08:46+00:00
Mystic River,2004,2003,false,tt0327056,7.9,531516,89,203,https://www.imdb.com/title/tt0327056/,https://www.rottentomatoes.com/m/mystic_river,https://www.oscars.org/oscars/ceremonies/2004,2026-09-15T17:08:46+00:00
Seabiscuit,2004,2003,false,tt0329575,7.3,79483,77,206,https://www.imdb.com/title/tt0329575/,https://www.rottentomatoes.com/m/seabiscuit,https://www.oscars.org/oscars/ceremonies/2004,2026-09-15T17:08:46+00:00
The Aviator,2005,2004,false,tt0338751,7.5,412972,86,226,https://www.imdb.com/title/tt0338751/,https://www.rottentomatoes.com/m/aviator,https://www.oscars.org/oscars/ceremonies/2005,2026-09-15T17:08:46+00:00
Finding Neverland,2005,2004,false,tt0308644,7.6,218165,83,204,https://www.imdb.com/title/tt0308644/,https://www.rottentomatoes.com/m/finding_neverland,https://www.oscars.org/oscars/ceremonies/2005,2026-09-15T17:08:46+00:00
Million Dollar Baby,2005,2004,true,tt0405159,8.1,773572,90,267,https://www.imdb.com/title/tt0405159/,https://www.rottentomatoes.com/m/million_dollar_baby,https://www.oscars.org/oscars/ceremonies/2005,2026-09-15T17:08:46+00:00
Ray,2005,2004,false,tt0350258,7.7,167243,80,205,https://www.imdb.com/title/tt0350258/,https://www.rottentomatoes.com/m/ray,https://www.oscars.org/oscars/ceremonies/2005,2026-09-15T17:08:46+00:00
Sideways,2005,2004,false,tt0375063,7.5,218657,97,229,https://www.imdb.com/title/tt0375063/,https://www.rottentomatoes.com/m/sideways,https://www.oscars.org/oscars/ceremonies/2005,2026-09-15T17:08:46+00:00
Brokeback Mountain,2006,2005,false,tt0388795,7.7,421946,88,263,https://www.imdb.com/title/tt0388795/,https://www.rottentomatoes.com/m/brokeback_mountain,https://www.oscars.org/oscars/ceremonies/2006,2026-09-15T17:08:46+00:00
Capote,2006,2005,false,tt0379725,7.3,150648,89,194,https://www.imdb.com/title/tt0379725/,https://www.rottentomatoes.com/m/1151898-capote,https://www.oscars.org/oscars/ceremonies/2006,2026-09-15T17:08:46+00:00
Crash,2006,2005,true,tt0375679,7.7,464352,73,239,https://www.imdb.com/title/tt0375679/,https://www.rottentomatoes.com/m/1144992-crash,https://www.oscars.org/oscars/ceremonies/2006,2026-09-15T17:08:46+00:00
"Good Night, and Good Luck.",2006,2005,false,tt0433383,7.4,105757,93,226,https://www.imdb.com/title/tt0433383/,https://www.rottentomatoes.com/m/1152019-good_night_and_good_luck,https://www.oscars.org/oscars/ceremonies/2006,2026-09-15T17:08:46+00:00
Munich,2006,2005,false,tt0408306,7.5,255714,79,210,https://www.imdb.com/title/tt0408306/,https://www.rottentomatoes.com/m/munich,https://www.oscars.org/oscars/ceremonies/2006,2026-09-15T17:08:46+00:00
Babel,2007,2006,false,tt0449467,7.4,331000,68,203,https://www.imdb.com/title/tt0449467/,https://www.rottentomatoes.com/m/babel,https://www.oscars.org/oscars/ceremonies/2007,2026-09-15T17:08:46+00:00
The Departed,2007,2006,true,tt0407887,8.5,1577958,91,286,https://www.imdb.com/title/tt0407887/,https://www.rottentomatoes.com/m/departed,https://www.oscars.org/oscars/ceremonies/2007,2026-09-15T17:08:46+00:00
Letters from Iwo Jima,2007,2006,false,tt0498380,7.8,178228,91,202,https://www.imdb.com/title/tt0498380/,https://www.rottentomatoes.com/m/letters_from_iwo_jima,https://www.oscars.org/oscars/ceremonies/2007,2026-09-15T17:08:46+00:00
Little Miss Sunshine,2007,2006,false,tt0449059,7.8,566014,91,216,https://www.imdb.com/title/tt0449059/,https://www.rottentomatoes.com/m/little_miss_sunshine,https://www.oscars.org/oscars/ceremonies/2007,2026-09-15T17:08:46+00:00
The Queen,2007,2006,false,tt0436697,7.3,120216,97,202,https://www.imdb.com/title/tt0436697/,https://www.rottentomatoes.com/m/the_queen,https://www.oscars.org/oscars/ceremonies/2007,2026-09-15T17:08:46+00:00
Atonement,2008,2007,false,tt0783233,7.8,333606,83,218,https://www.imdb.com/title/tt0783233/,https://www.rottentomatoes.com/m/atonement,https://www.oscars.org/oscars/ceremonies/2008,2026-09-15T17:08:46+00:00
Juno,2008,2007,false,tt0467406,7.4,575431,93,212,https://www.imdb.com/title/tt0467406/,https://www.rottentomatoes.com/m/juno,https://www.oscars.org/oscars/ceremonies/2008,2026-09-15T17:08:46+00:00
Michael Clayton,2008,2007,false,tt0465538,7.2,185231,90,202,https://www.imdb.com/title/tt0465538/,https://www.rottentomatoes.com/m/michael_clayton,https://www.oscars.org/oscars/ceremonies/2008,2026-09-15T17:08:46+00:00
No Country for Old Men,2008,2007,true,tt0477348,8.2,1213370,93,292,https://www.imdb.com/title/tt0477348/,https://www.rottentomatoes.com/m/no_country_for_old_men,https://www.oscars.org/oscars/ceremonies/2008,2026-09-15T17:08:46+00:00
There Will Be Blood,2008,2007,false,tt0469494,8.2,719047,91,242,https://www.imdb.com/title/tt0469494/,https://www.rottentomatoes.com/m/there_will_be_blood,https://www.oscars.org/oscars/ceremonies/2008,2026-09-15T17:08:46+00:00
The Curious Case of Benjamin Button,2009,2008,false,tt0421715,7.8,754312,72,254,https://www.imdb.com/title/tt0421715/,https://www.rottentomatoes.com/m/curious_case_of_benjamin_button,https://www.oscars.org/oscars/ceremonies/2009,2026-09-15T17:08:46+00:00
Frost/Nixon,2009,2008,false,tt0870111,7.6,116402,93,258,https://www.imdb.com/title/tt0870111/,https://www.rottentomatoes.com/m/frostnixon,https://www.oscars.org/oscars/ceremonies/2009,2026-09-15T17:08:46+00:00
Milk,2009,2008,false,tt1013753,7.5,186977,93,243,https://www.imdb.com/title/tt1013753/,https://www.rottentomatoes.com/m/milk,https://www.oscars.org/oscars/ceremonies/2009,2026-09-15T17:08:46+00:00
The Reader,2009,2008,false,tt0976051,7.6,275588,63,202,https://www.imdb.com/title/tt0976051/,https://www.rottentomatoes.com/m/reader,https://www.oscars.org/oscars/ceremonies/2009,2026-09-15T17:08:46+00:00
Slumdog Millionaire,2009,2008,true,tt1010048,8.0,915427,92,287,https://www.imdb.com/title/tt1010048/,https://www.rottentomatoes.com/m/slumdog_millionaire,https://www.oscars.org/oscars/ceremonies/2009,2026-09-15T17:08:46+00:00
Avatar,2010,2009,false,tt0499549,7.9,1515798,81,335,https://www.imdb.com/title/tt0499549/,https://www.rottentomatoes.com/m/avatar,https://www.oscars.org/oscars/ceremonies/2010,2026-09-15T17:08:46+00:00
The Blind Side,2010,2009,false,tt0878804,7.6,392022,65,205,https://www.imdb.com/title/tt0878804/,https://www.rottentomatoes.com/m/1212694-blind_side,https://www.oscars.org/oscars/ceremonies/2010,2026-09-15T17:08:46+00:00
District 9,2010,2009,false,tt1136608,7.9,757669,90,311,https://www.imdb.com/title/tt1136608/,https://www.rottentomatoes.com/m/district_9,https://www.oscars.org/oscars/ceremonies/2010,2026-09-15T17:08:46+00:00
An Education,2010,2009,false,tt1174732,7.2,141524,94,200,https://www.imdb.com/title/tt1174732/,https://www.rottentomatoes.com/m/an_education,https://www.oscars.org/oscars/ceremonies/2010,2026-09-15T17:08:46+00:00
The Hurt Locker,2010,2009,true,tt0887912,7.5,499855,96,288,https://www.imdb.com/title/tt0887912/,https://www.rottentomatoes.com/m/the_hurt_locker,https://www.oscars.org/oscars/ceremonies/2010,2026-09-15T17:08:46+00:00
Inglourious Basterds,2010,2009,false,tt0361748,8.4,1817750,89,331,https://www.imdb.com/title/tt0361748/,https://www.rottentomatoes.com/m/inglourious_basterds,https://www.oscars.org/oscars/ceremonies/2010,2026-09-15T17:08:46+00:00
Precious: Based on the Novel 'Push' by Sapphire,2010,2009,false,tt0929632,7.3,121917,92,239,https://www.imdb.com/title/tt0929632/,https://www.rottentomatoes.com/m/precious,https://www.oscars.org/oscars/ceremonies/2010,2026-09-15T17:08:46+00:00
A Serious Man,2010,2009,false,tt1019452,7.0,159772,89,221,https://www.imdb.com/title/tt1019452/,https://www.rottentomatoes.com/m/a_serious_man,https://www.oscars.org/oscars/ceremonies/2010,2026-09-15T17:08:46+00:00
Up,2010,2009,false,tt1049413,8.3,1255853,98,291,https://www.imdb.com/title/tt1049413/,https://www.rottentomatoes.com/m/up,https://www.oscars.org/oscars/ceremonies/2010,2026-09-15T17:08:46+00:00
Up in the Air,2010,2009,false,tt1193138,7.4,362829,90,283,https://www.imdb.com/title/tt1193138/,https://www.rottentomatoes.com/m/up_in_the_air_2009,https://www.oscars.org/oscars/ceremonies/2010,2026-09-15T17:08:46+00:00
Black Swan,2011,2010,false,tt0947798,8.0,897622,85,320,https://www.imdb.com/title/tt0947798/,https://www.rottentomatoes.com/m/black_swan_2010,https://www.oscars.org/oscars/ceremonies/2011,2026-09-15T17:08:46+00:00
The Fighter,2011,2010,false,tt0964517,7.8,411284,91,253,https://www.imdb.com/title/tt0964517/,https://www.rottentomatoes.com/m/the_fighter_2011,https://www.oscars.org/oscars/ceremonies/2011,2026-09-15T17:08:46+00:00
Inception,2011,2010,false,tt1375666,8.8,2867969,86,364,https://www.imdb.com/title/tt1375666/,https://www.rottentomatoes.com/m/inception,https://www.oscars.org/oscars/ceremonies/2011,2026-09-15T17:08:46+00:00
The Kids Are All Right,2011,2010,false,tt0842926,7.0,137898,93,219,https://www.imdb.com/title/tt0842926/,https://www.rottentomatoes.com/m/10012141-kids_are_all_right,https://www.oscars.org/oscars/ceremonies/2011,2026-09-15T17:08:46+00:00
The King's Speech,2011,2010,true,tt1504320,8.0,736929,94,301,https://www.imdb.com/title/tt1504320/,https://www.rottentomatoes.com/m/the_kings_speech,https://www.oscars.org/oscars/ceremonies/2011,2026-09-15T17:08:46+00:00
127 Hours,2011,2010,false,tt1542344,7.5,428007,93,237,https://www.imdb.com/title/tt1542344/,https://www.rottentomatoes.com/m/127_hours,https://www.oscars.org/oscars/ceremonies/2011,2026-09-15T17:08:46+00:00
The Social Network,2011,2010,false,tt1285016,7.8,828985,96,335,https://www.imdb.com/title/tt1285016/,https://www.rottentomatoes.com/m/the-social-network,https://www.oscars.org/oscars/ceremonies/2011,2026-09-15T17:08:46+00:00
Toy Story 3,2011,2010,false,tt0435761,8.3,990303,98,313,https://www.imdb.com/title/tt0435761/,https://www.rottentomatoes.com/m/toy_story_3,https://www.oscars.org/oscars/ceremonies/2011,2026-09-15T17:08:46+00:00
True Grit,2011,2010,false,tt1403865,7.6,379318,95,275,https://www.imdb.com/title/tt1403865/,https://www.rottentomatoes.com/m/true_grit_2010,https://www.oscars.org/oscars/ceremonies/2011,2026-09-15T17:08:46+00:00
Winter's Bone,2011,2010,false,tt1399683,7.1,158868,94,173,https://www.imdb.com/title/tt1399683/,https://www.rottentomatoes.com/m/10012136-winters_bone,https://www.oscars.org/oscars/ceremonies/2011,2026-09-15T17:08:46+00:00
The Artist,2012,2011,true,tt1655442,7.8,256435,95,321,https://www.imdb.com/title/tt1655442/,https://www.rottentomatoes.com/m/the_artist,https://www.oscars.org/oscars/ceremonies/2012,2026-09-15T17:08:46+00:00
The Descendants,2012,2011,false,tt1033575,7.3,260874,87,263,https://www.imdb.com/title/tt1033575/,https://www.rottentomatoes.com/m/the_descendants_2011,https://www.oscars.org/oscars/ceremonies/2012,2026-09-15T17:08:46+00:00
Extremely Loud & Incredibly Close,2012,2011,false,tt0477302,6.9,108330,45,186,https://www.imdb.com/title/tt0477302/,https://www.rottentomatoes.com/m/extremely_loud_and_incredibly_close,https://www.oscars.org/oscars/ceremonies/2012,2026-09-15T17:08:46+00:00
The Help,2012,2011,false,tt1454029,8.1,533042,75,230,https://www.imdb.com/title/tt1454029/,https://www.rottentomatoes.com/m/the_help,https://www.oscars.org/oscars/ceremonies/2012,2026-09-15T17:08:46+00:00
Hugo,2012,2011,false,tt0970179,7.5,351424,93,232,https://www.imdb.com/title/tt0970179/,https://www.rottentomatoes.com/m/hugo,https://www.oscars.org/oscars/ceremonies/2012,2026-09-15T17:08:46+00:00
Midnight in Paris,2012,2011,false,tt1605783,7.6,474139,93,225,https://www.imdb.com/title/tt1605783/,https://www.rottentomatoes.com/m/midnight_in_paris,https://www.oscars.org/oscars/ceremonies/2012,2026-09-15T17:08:46+00:00
Moneyball,2012,2011,false,tt1210166,7.6,517080,94,272,https://www.imdb.com/title/tt1210166/,https://www.rottentomatoes.com/m/moneyball,https://www.oscars.org/oscars/ceremonies/2012,2026-09-15T17:08:46+00:00
The Tree of Life,2012,2011,false,tt0478304,6.8,193440,86,292,https://www.imdb.com/title/tt0478304/,https://www.rottentomatoes.com/m/the_tree_of_life,https://www.oscars.org/oscars/ceremonies/2012,2026-09-15T17:08:46+00:00
War Horse,2012,2011,false,tt1568911,7.2,174667,74,240,https://www.imdb.com/title/tt1568911/,https://www.rottentomatoes.com/m/war_horse,https://www.oscars.org/oscars/ceremonies/2012,2026-09-15T17:08:46+00:00
Amour,2013,2012,false,tt1602620,7.9,111302,93,219,https://www.imdb.com/title/tt1602620/,https://www.rottentomatoes.com/m/amour_2013,https://www.oscars.org/oscars/ceremonies/2013,2026-09-15T17:08:46+00:00
Argo,2013,2012,true,tt1024648,7.7,672946,96,360,https://www.imdb.com/title/tt1024648/,https://www.rottentomatoes.com/m/argo_2012,https://www.oscars.org/oscars/ceremonies/2013,2026-09-15T17:08:46+00:00
Beasts of the Southern Wild,2013,2012,false,tt2125435,7.2,87062,87,205,https://www.imdb.com/title/tt2125435/,https://www.rottentomatoes.com/m/beasts_of_the_southern_wild,https://www.oscars.org/oscars/ceremonies/2013,2026-09-15T17:08:46+00:00
Django Unchained,2013,2012,false,tt1853728,8.5,1913180,87,295,https://www.imdb.com/title/tt1853728/,https://www.rottentomatoes.com/m/django_unchained_2012,https://www.oscars.org/oscars/ceremonies/2013,2026-09-15T17:08:46+00:00
Les Misérables,2013,2012,false,tt1707386,7.5,364954,70,252,https://www.imdb.com/title/tt1707386/,https://www.rottentomatoes.com/m/les_miserables_2012,https://www.oscars.org/oscars/ceremonies/2013,2026-09-15T17:08:46+00:00
Life of Pi,2013,2012,false,tt0454876,7.9,705903,86,253,https://www.imdb.com/title/tt0454876/,https://www.rottentomatoes.com/m/life-of-pi,https://www.oscars.org/oscars/ceremonies/2013,2026-09-15T17:08:46+00:00
Lincoln,2013,2012,false,tt0443272,7.3,287170,90,287,https://www.imdb.com/title/tt0443272/,https://www.rottentomatoes.com/m/lincoln_2011,https://www.oscars.org/oscars/ceremonies/2013,2026-09-15T17:08:46+00:00
Silver Linings Playbook,2013,2012,false,tt1045658,7.7,778110,92,260,https://www.imdb.com/title/tt1045658/,https://www.rottentomatoes.com/m/silver_linings_playbook,https://www.oscars.org/oscars/ceremonies/2013,2026-09-15T17:08:46+00:00
Zero Dark Thirty,2013,2012,false,tt1790885,7.4,344434,91,303,https://www.imdb.com/title/tt1790885/,https://www.rottentomatoes.com/m/zero_dark_thirty,https://www.oscars.org/oscars/ceremonies/2013,2026-09-15T17:08:46+00:00
American Hustle,2014,2013,false,tt1800241,7.2,521884,92,294,https://www.imdb.com/title/tt1800241/,https://www.rottentomatoes.com/m/american_hustle,https://www.oscars.org/oscars/ceremonies/2014,2026-09-15T17:08:46+00:00
Captain Phillips,2014,2013,false,tt1535109,7.8,522885,93,280,https://www.imdb.com/title/tt1535109/,https://www.rottentomatoes.com/m/captain_phillips,https://www.oscars.org/oscars/ceremonies/2014,2026-09-15T17:08:46+00:00
Dallas Buyers Club,2014,2013,false,tt0790636,7.9,552596,92,265,https://www.imdb.com/title/tt0790636/,https://www.rottentomatoes.com/m/dallas_buyers_club,https://www.oscars.org/oscars/ceremonies/2014,2026-09-15T17:08:46+00:00
Gravity,2014,2013,false,tt1454468,7.7,906523,96,363,https://www.imdb.com/title/tt1454468/,https://www.rottentomatoes.com/m/gravity_2013,https://www.oscars.org/oscars/ceremonies/2014,2026-09-15T17:08:46+00:00
Her,2014,2013,false,tt1798709,8.0,733927,95,293,https://www.imdb.com/title/tt1798709/,https://www.rottentomatoes.com/m/her,https://www.oscars.org/oscars/ceremonies/2014,2026-09-15T17:08:46+00:00
Nebraska,2014,2013,false,tt1821549,7.7,129430,90,251,https://www.imdb.com/title/tt1821549/,https://www.rottentomatoes.com/m/nebraska,https://www.oscars.org/oscars/ceremonies/2014,2026-09-15T17:08:46+00:00
Philomena,2014,2013,false,tt2431286,7.6,107756,91,199,https://www.imdb.com/title/tt2431286/,https://www.rottentomatoes.com/m/philomena,https://www.oscars.org/oscars/ceremonies/2014,2026-09-15T17:08:46+00:00
12 Years a Slave,2014,2013,true,tt2024544,8.1,794622,95,378,https://www.imdb.com/title/tt2024544/,https://www.rottentomatoes.com/m/12_years_a_slave,https://www.oscars.org/oscars/ceremonies/2014,2026-09-15T17:08:46+00:00
The Wolf of Wall Street,2014,2013,false,tt0993846,8.2,1825165,79,283,https://www.imdb.com/title/tt0993846/,https://www.rottentomatoes.com/m/the_wolf_of_wall_street_2013,https://www.oscars.org/oscars/ceremonies/2014,2026-09-15T17:08:46+00:00
American Sniper,2015,2014,false,tt2179136,7.3,576048,71,302,https://www.imdb.com/title/tt2179136/,https://www.rottentomatoes.com/m/american_sniper,https://www.oscars.org/oscars/ceremonies/2015,2026-09-15T17:08:46+00:00
Birdman or (The Unexpected Virtue of Ignorance),2015,2014,true,tt2562232,7.7,703455,91,360,https://www.imdb.com/title/tt2562232/,https://www.rottentomatoes.com/m/birdman_2014,https://www.oscars.org/oscars/ceremonies/2015,2026-09-15T17:08:46+00:00
Boyhood,2015,2014,false,tt1065073,7.9,383753,97,330,https://www.imdb.com/title/tt1065073/,https://www.rottentomatoes.com/m/boyhood,https://www.oscars.org/oscars/ceremonies/2015,2026-09-15T17:08:46+00:00
The Grand Budapest Hotel,2015,2014,false,tt2278388,8.1,986675,92,313,https://www.imdb.com/title/tt2278388/,https://www.rottentomatoes.com/m/the_grand_budapest_hotel,https://www.oscars.org/oscars/ceremonies/2015,2026-09-15T17:08:46+00:00
The Imitation Game,2015,2014,false,tt2084970,8.0,885205,90,283,https://www.imdb.com/title/tt2084970/,https://www.rottentomatoes.com/m/the_imitation_game,https://www.oscars.org/oscars/ceremonies/2015,2026-09-15T17:08:46+00:00
Selma,2015,2014,false,tt1020072,7.5,99724,99,307,https://www.imdb.com/title/tt1020072/,https://www.rottentomatoes.com/m/selma,https://www.oscars.org/oscars/ceremonies/2015,2026-09-15T17:08:46+00:00
The Theory of Everything,2015,2014,false,tt2980516,7.7,510694,81,268,https://www.imdb.com/title/tt2980516/,https://www.rottentomatoes.com/m/the_theory_of_everything_2014,https://www.oscars.org/oscars/ceremonies/2015,2026-09-15T17:08:46+00:00
Whiplash,2015,2014,false,tt2582802,8.5,1180989,94,302,https://www.imdb.com/title/tt2582802/,https://www.rottentomatoes.com/m/whiplash_2014,https://www.oscars.org/oscars/ceremonies/2015,2026-09-15T17:08:46+00:00
The Big Short,2016,2015,false,tt1596363,7.8,547893,89,324,https://www.imdb.com/title/tt1596363/,https://www.rottentomatoes.com/m/the_big_short,https://www.oscars.org/oscars/ceremonies/2016,2026-09-15T17:08:46+00:00
Bridge of Spies,2016,2015,false,tt3682448,7.6,347304,91,312,https://www.imdb.com/title/tt3682448/,https://www.rottentomatoes.com/m/bridge_of_spies,https://www.oscars.org/oscars/ceremonies/2016,2026-09-15T17:08:46+00:00
Brooklyn,2016,2015,false,tt2381111,7.5,159601,97,277,https://www.imdb.com/title/tt2381111/,https://www.rottentomatoes.com/m/brooklyn,https://www.oscars.org/oscars/ceremonies/2016,2026-09-15T17:08:46+00:00
Mad Max: Fury Road,2016,2015,false,tt1392190,8.1,1221050,97,440,https://www.imdb.com/title/tt1392190/,https://www.rottentomatoes.com/m/mad_max_fury_road,https://www.oscars.org/oscars/ceremonies/2016,2026-09-15T17:08:46+00:00
The Martian,2016,2015,false,tt3659388,8.0,1030019,91,388,https://www.imdb.com/title/tt3659388/,https://www.rottentomatoes.com/m/the_martian,https://www.oscars.org/oscars/ceremonies/2016,2026-09-15T17:08:46+00:00
The Revenant,2016,2015,false,tt1663202,8.0,961597,78,401,https://www.imdb.com/title/tt1663202/,https://www.rottentomatoes.com/m/the_revenant_2015,https://www.oscars.org/oscars/ceremonies/2016,2026-09-15T17:08:46+00:00
Room,2016,2015,false,tt3170832,8.1,484773,93,315,https://www.imdb.com/title/tt3170832/,https://www.rottentomatoes.com/m/room_2015,https://www.oscars.org/oscars/ceremonies/2016,2026-09-15T17:08:46+00:00
Spotlight,2016,2015,true,tt1895587,8.1,540834,97,379,https://www.imdb.com/title/tt1895587/,https://www.rottentomatoes.com/m/spotlight_2015,https://www.oscars.org/oscars/ceremonies/2016,2026-09-15T17:08:46+00:00
Arrival,2017,2016,false,tt2543164,7.9,879625,94,441,https://www.imdb.com/title/tt2543164/,https://www.rottentomatoes.com/m/arrival_2016,https://www.oscars.org/oscars/ceremonies/2017,2026-09-15T17:08:46+00:00
Fences,2017,2016,false,tt2671706,7.2,126512,92,271,https://www.imdb.com/title/tt2671706/,https://www.rottentomatoes.com/m/fences_2016,https://www.oscars.org/oscars/ceremonies/2017,2026-09-15T17:08:46+00:00
Hacksaw Ridge,2017,2016,false,tt2119532,8.1,696622,84,279,https://www.imdb.com/title/tt2119532/,https://www.rottentomatoes.com/m/hacksaw_ridge,https://www.oscars.org/oscars/ceremonies/2017,2026-09-15T17:08:46+00:00
Hell or High Water,2017,2016,false,tt2582782,7.6,281758,97,287,https://www.imdb.com/title/tt2582782/,https://www.rottentomatoes.com/m/hell_or_high_water,https://www.oscars.org/oscars/ceremonies/2017,2026-09-15T17:08:46+00:00
Hidden Figures,2017,2016,false,tt4846340,7.8,294038,93,323,https://www.imdb.com/title/tt4846340/,https://www.rottentomatoes.com/m/hidden_figures,https://www.oscars.org/oscars/ceremonies/2017,2026-09-15T17:08:46+00:00
La La Land,2017,2016,false,tt3783958,8.0,778376,91,472,https://www.imdb.com/title/tt3783958/,https://www.rottentomatoes.com/m/la_la_land,https://www.oscars.org/oscars/ceremonies/2017,2026-09-15T17:08:46+00:00
Lion,2017,2016,false,tt3741834,8.0,269025,84,267,https://www.imdb.com/title/tt3741834/,https://www.rottentomatoes.com/m/lion_2016,https://www.oscars.org/oscars/ceremonies/2017,2026-09-15T17:08:46+00:00
Manchester by the Sea,2017,2016,false,tt4034228,7.8,363212,96,356,https://www.imdb.com/title/tt4034228/,https://www.rottentomatoes.com/m/manchester_by_the_sea,https://www.oscars.org/oscars/ceremonies/2017,2026-09-15T17:08:46+00:00
Moonlight,2017,2016,true,tt4975722,7.4,355880,98,401,https://www.imdb.com/title/tt4975722/,https://www.rottentomatoes.com/m/moonlight_2016,https://www.oscars.org/oscars/ceremonies/2017,2026-09-15T17:08:46+00:00
Call Me by Your Name,2018,2017,false,tt5726616,7.8,364578,95,365,https://www.imdb.com/title/tt5726616/,https://www.rottentomatoes.com/m/call_me_by_your_name,https://www.oscars.org/oscars/ceremonies/2018,2026-09-15T17:08:46+00:00
Darkest Hour,2018,2017,false,tt4555426,7.4,245896,84,309,https://www.imdb.com/title/tt4555426/,https://www.rottentomatoes.com/m/darkest_hour_2017,https://www.oscars.org/oscars/ceremonies/2018,2026-09-15T17:08:46+00:00
Dunkirk,2018,2017,false,tt5013056,7.8,826871,92,469,https://www.imdb.com/title/tt5013056/,https://www.rottentomatoes.com/m/dunkirk_2017,https://www.oscars.org/oscars/ceremonies/2018,2026-09-15T17:08:46+00:00
Get Out,2018,2017,false,tt5052448,7.8,837290,98,403,https://www.imdb.com/title/tt5052448/,https://www.rottentomatoes.com/m/get_out,https://www.oscars.org/oscars/ceremonies/2018,2026-09-15T17:08:46+00:00
Lady Bird,2018,2017,false,tt4925292,7.4,369020,99,399,https://www.imdb.com/title/tt4925292/,https://www.rottentomatoes.com/m/lady_bird,https://www.oscars.org/oscars/ceremonies/2018,2026-09-15T17:08:46+00:00
Phantom Thread,2018,2017,false,tt5776858,7.4,164075,91,358,https://www.imdb.com/title/tt5776858/,https://www.rottentomatoes.com/m/phantom_thread,https://www.oscars.org/oscars/ceremonies/2018,2026-09-15T17:08:46+00:00
The Post,2018,2017,false,tt6294822,7.2,173776,88,396,https://www.imdb.com/title/tt6294822/,https://www.rottentomatoes.com/m/the_post,https://www.oscars.org/oscars/ceremonies/2018,2026-09-15T17:08:46+00:00
The Shape of Water,2018,2017,true,tt5580390,7.3,480300,92,464,https://www.imdb.com/title/tt5580390/,https://www.rottentomatoes.com/m/the_shape_of_water_2017,https://www.oscars.org/oscars/ceremonies/2018,2026-09-15T17:08:46+00:00
"Three Billboards outside Ebbing, Missouri",2018,2017,false,tt5027774,8.1,615979,90,407,https://www.imdb.com/title/tt5027774/,https://www.rottentomatoes.com/m/three_billboards_outside_ebbing_missouri,https://www.oscars.org/oscars/ceremonies/2018,2026-09-15T17:08:46+00:00
Black Panther,2019,2018,false,tt1825683,7.3,926140,96,527,https://www.imdb.com/title/tt1825683/,https://www.rottentomatoes.com/m/black_panther_2018,https://www.oscars.org/oscars/ceremonies/2019,2026-09-15T17:08:46+00:00
BlacKkKlansman,2019,2018,false,tt7349662,7.5,317506,95,448,https://www.imdb.com/title/tt7349662/,https://www.rottentomatoes.com/m/blackkklansman,https://www.oscars.org/oscars/ceremonies/2019,2026-09-15T17:08:46+00:00
Bohemian Rhapsody,2019,2018,false,tt1727824,7.9,654451,60,418,https://www.imdb.com/title/tt1727824/,https://www.rottentomatoes.com/m/bohemian_rhapsody,https://www.oscars.org/oscars/ceremonies/2019,2026-09-15T17:08:46+00:00
The Favourite,2019,2018,false,tt5083738,7.5,261297,93,426,https://www.imdb.com/title/tt5083738/,https://www.rottentomatoes.com/m/the_favourite_2018,https://www.oscars.org/oscars/ceremonies/2019,2026-09-15T17:08:46+00:00
Green Book,2019,2018,true,tt6966692,8.2,703799,77,361,https://www.imdb.com/title/tt6966692/,https://www.rottentomatoes.com/m/green_book,https://www.oscars.org/oscars/ceremonies/2019,2026-09-15T17:08:46+00:00
Roma,2019,2018,false,tt6155172,7.6,179737,96,400,https://www.imdb.com/title/tt6155172/,https://www.rottentomatoes.com/m/roma_2018,https://www.oscars.org/oscars/ceremonies/2019,2026-09-15T17:08:46+00:00
A Star Is Born,2019,2018,false,tt1517451,7.6,452969,90,549,https://www.imdb.com/title/tt1517451/,https://www.rottentomatoes.com/m/a_star_is_born_2018,https://www.oscars.org/oscars/ceremonies/2019,2026-09-15T17:08:46+00:00
Vice,2019,2018,false,tt6266538,7.2,176694,64,365,https://www.imdb.com/title/tt6266538/,https://www.rottentomatoes.com/m/vice_2018,https://www.oscars.org/oscars/ceremonies/2019,2026-09-15T17:08:46+00:00
Ford v Ferrari,2020,2019,false,tt1950186,8.1,586637,92,364,https://www.imdb.com/title/tt1950186/,https://www.rottentomatoes.com/m/ford_v_ferrari,https://www.oscars.org/oscars/ceremonies/2020,2026-09-15T17:08:46+00:00
The Irishman,2020,2019,false,tt1302006,7.8,479613,95,467,https://www.imdb.com/title/tt1302006/,https://www.rottentomatoes.com/m/the_irishman,https://www.oscars.org/oscars/ceremonies/2020,2026-09-15T17:08:46+00:00
Jojo Rabbit,2020,2019,false,tt2584384,7.9,494420,81,433,https://www.imdb.com/title/tt2584384/,https://www.rottentomatoes.com/m/jojo_rabbit,https://www.oscars.org/oscars/ceremonies/2020,2026-09-15T17:08:46+00:00
Joker,2020,2019,false,tt7286456,8.3,1725353,68,600,https://www.imdb.com/title/tt7286456/,https://www.rottentomatoes.com/m/joker_2019,https://www.oscars.org/oscars/ceremonies/2020,2026-09-15T17:08:46+00:00
Little Women,2020,2019,false,tt3281548,7.7,288654,95,441,https://www.imdb.com/title/tt3281548/,https://www.rottentomatoes.com/m/little_women_2019,https://www.oscars.org/oscars/ceremonies/2020,2026-09-15T17:08:46+00:00
Marriage Story,2020,2019,false,tt7653254,7.9,375396,95,407,https://www.imdb.com/title/tt7653254/,https://www.rottentomatoes.com/m/marriage_story_2019,https://www.oscars.org/oscars/ceremonies/2020,2026-09-15T17:08:46+00:00
1917,2020,2019,false,tt8579674,8.2,785958,88,474,https://www.imdb.com/title/tt8579674/,https://www.rottentomatoes.com/m/1917_2019,https://www.oscars.org/oscars/ceremonies/2020,2026-09-15T17:08:46+00:00
Once upon a Time...in Hollywood,2020,2019,false,tt7131622,7.6,978246,86,581,https://www.imdb.com/title/tt7131622/,https://www.rottentomatoes.com/m/once_upon_a_time_in_hollywood,https://www.oscars.org/oscars/ceremonies/2020,2026-09-15T17:08:46+00:00
Parasite,2020,2019,true,tt6751668,8.5,1195397,99,484,https://www.imdb.com/title/tt6751668/,https://www.rottentomatoes.com/m/parasite_2019,https://www.oscars.org/oscars/ceremonies/2020,2026-09-15T17:08:46+00:00
The Father,2021,2020,false,tt10272386,8.2,249751,98,297,https://www.imdb.com/title/tt10272386/,https://www.rottentomatoes.com/m/the_father_2021,https://www.oscars.org/oscars/ceremonies/2021,2026-09-15T17:08:46+00:00
Judas and the Black Messiah,2021,2020,false,tt9784798,7.4,116192,96,359,https://www.imdb.com/title/tt9784798/,https://www.rottentomatoes.com/m/judas_and_the_black_messiah,https://www.oscars.org/oscars/ceremonies/2021,2026-09-15T17:08:46+00:00
Mank,2021,2020,false,tt10618286,6.8,105769,83,356,https://www.imdb.com/title/tt10618286/,https://www.rottentomatoes.com/m/mank,https://www.oscars.org/oscars/ceremonies/2021,2026-09-15T17:08:46+00:00
Minari,2021,2020,false,tt10633456,7.4,127428,98,325,https://www.imdb.com/title/tt10633456/,https://www.rottentomatoes.com/m/minari,https://www.oscars.org/oscars/ceremonies/2021,2026-09-15T17:08:46+00:00
Nomadland,2021,2020,true,tt9770150,7.3,222037,93,435,https://www.imdb.com/title/tt9770150/,https://www.rottentomatoes.com/m/nomadland,https://www.oscars.org/oscars/ceremonies/2021,2026-09-15T17:08:46+00:00
Promising Young Woman,2021,2020,false,tt9620292,7.5,259045,90,425,https://www.imdb.com/title/tt9620292/,https://www.rottentomatoes.com/m/promising_young_woman,https://www.oscars.org/oscars/ceremonies/2021,2026-09-15T17:08:46+00:00
Sound of Metal,2021,2020,false,tt5363618,7.7,188934,97,283,https://www.imdb.com/title/tt5363618/,https://www.rottentomatoes.com/m/sound_of_metal,https://www.oscars.org/oscars/ceremonies/2021,2026-09-15T17:08:46+00:00
The Trial of the Chicago 7,2021,2020,false,tt1070874,7.7,207205,89,342,https://www.imdb.com/title/tt1070874/,https://www.rottentomatoes.com/m/the_trial_of_the_chicago_7,https://www.oscars.org/oscars/ceremonies/2021,2026-09-15T17:08:46+00:00
Belfast,2022,2021,false,tt12789558,7.2,139417,86,330,https://www.imdb.com/title/tt12789558/,https://www.rottentomatoes.com/m/belfast,https://www.oscars.org/oscars/ceremonies/2022,2026-09-15T17:08:46+00:00
CODA,2022,2021,true,tt10366460,8.0,232615,94,301,https://www.imdb.com/title/tt10366460/,https://www.rottentomatoes.com/m/coda_2021,https://www.oscars.org/oscars/ceremonies/2022,2026-09-15T17:08:46+00:00
Don't Look Up,2022,2021,false,tt11286314,7.1,680924,56,305,https://www.imdb.com/title/tt11286314/,https://www.rottentomatoes.com/m/dont_look_up_2021,https://www.oscars.org/oscars/ceremonies/2022,2026-09-15T17:08:46+00:00
Drive My Car,2022,2021,false,tt14039582,7.5,78023,97,215,https://www.imdb.com/title/tt14039582/,https://www.rottentomatoes.com/m/drive_my_car,https://www.oscars.org/oscars/ceremonies/2022,2026-09-15T17:08:46+00:00
Dune,2022,2021,false,tt1160419,8.0,1090079,83,512,https://www.imdb.com/title/tt1160419/,https://www.rottentomatoes.com/m/dune_2021,https://www.oscars.org/oscars/ceremonies/2022,2026-09-15T17:08:46+00:00
King Richard,2022,2021,false,tt9620288,7.5,193658,90,302,https://www.imdb.com/title/tt9620288/,https://www.rottentomatoes.com/m/king_richard,https://www.oscars.org/oscars/ceremonies/2022,2026-09-15T17:08:46+00:00
Licorice Pizza,2022,2021,false,tt11271038,7.1,163491,90,325,https://www.imdb.com/title/tt11271038/,https://www.rottentomatoes.com/m/licorice_pizza,https://www.oscars.org/oscars/ceremonies/2022,2026-09-15T17:08:46+00:00
Nightmare Alley,2022,2021,false,tt7740496,7.0,184659,80,356,https://www.imdb.com/title/tt7740496/,https://www.rottentomatoes.com/m/nightmare_alley_2021,https://www.oscars.org/oscars/ceremonies/2022,2026-09-15T17:08:46+00:00
The Power of the Dog,2022,2021,false,tt10293406,6.8,244994,94,363,https://www.imdb.com/title/tt10293406/,https://www.rottentomatoes.com/m/the_power_of_the_dog,https://www.oscars.org/oscars/ceremonies/2022,2026-09-15T17:08:46+00:00
West Side Story,2022,2021,false,tt3581652,7.1,144985,91,388,https://www.imdb.com/title/tt3581652/,https://www.rottentomatoes.com/m/west_side_story_2021,https://www.oscars.org/oscars/ceremonies/2022,2026-09-15T17:08:46+00:00
All Quiet on the Western Front,2023,2022,false,tt1016150,7.8,346132,90,176,https://www.imdb.com/title/tt1016150/,https://www.rottentomatoes.com/m/all_quiet_on_the_western_front_2022,https://www.oscars.org/oscars/ceremonies/2023,2026-09-15T17:08:46+00:00
Avatar: The Way of Water,2023,2022,false,tt1630029,7.5,647772,76,454,https://www.imdb.com/title/tt1630029/,https://www.rottentomatoes.com/m/avatar_the_way_of_water,https://www.oscars.org/oscars/ceremonies/2023,2026-09-15T17:08:46+00:00
The Banshees of Inisherin,2023,2022,false,tt11813216,7.6,300164,96,374,https://www.imdb.com/title/tt11813216/,https://www.rottentomatoes.com/m/the_banshees_of_inisherin,https://www.oscars.org/oscars/ceremonies/2023,2026-09-15T17:08:46+00:00
Elvis,2023,2022,false,tt3704428,7.3,264785,77,401,https://www.imdb.com/title/tt3704428/,https://www.rottentomatoes.com/m/elvis,https://www.oscars.org/oscars/ceremonies/2023,2026-09-15T17:08:46+00:00
Everything Everywhere All at Once,2023,2022,true,tt6710474,7.7,661166,93,407,https://www.imdb.com/title/tt6710474/,https://www.rottentomatoes.com/m/everything_everywhere_all_at_once,https://www.oscars.org/oscars/ceremonies/2023,2026-09-15T17:08:46+00:00
The Fabelmans,2023,2022,false,tt14208870,7.5,137052,92,396,https://www.imdb.com/title/tt14208870/,https://www.rottentomatoes.com/m/the_fabelmans,https://www.oscars.org/oscars/ceremonies/2023,2026-09-15T17:08:46+00:00
Tár,2023,2022,false,tt14444726,7.4,111065,91,359,https://www.imdb.com/title/tt14444726/,https://www.rottentomatoes.com/m/tar_2022,https://www.oscars.org/oscars/ceremonies/2023,2026-09-15T17:08:46+00:00
Top Gun: Maverick,2023,2022,false,tt1745960,8.2,905104,96,476,https://www.imdb.com/title/tt1745960/,https://www.rottentomatoes.com/m/top_gun_maverick,https://www.oscars.org/oscars/ceremonies/2023,2026-09-15T17:08:46+00:00
Triangle of Sadness,2023,2022,false,tt7322224,7.2,220274,71,284,https://www.imdb.com/title/tt7322224/,https://www.rottentomatoes.com/m/triangle_of_sadness,https://www.oscars.org/oscars/ceremonies/2023,2026-09-15T17:08:46+00:00
Women Talking,2023,2022,false,tt13669038,6.9,85947,90,297,https://www.imdb.com/title/tt13669038/,https://www.rottentomatoes.com/m/women_talking,https://www.oscars.org/oscars/ceremonies/2023,2026-09-15T17:08:46+00:00
American Fiction,2024,2023,false,tt23561236,7.5,157107,93,294,https://www.imdb.com/title/tt23561236/,https://www.rottentomatoes.com/m/american_fiction,https://www.oscars.org/oscars/ceremonies/2024,2026-09-15T17:08:46+00:00
Anatomy of a Fall,2024,2023,false,tt17009710,7.6,237640,96,287,https://www.imdb.com/title/tt17009710/,https://www.rottentomatoes.com/m/anatomy_of_a_fall,https://www.oscars.org/oscars/ceremonies/2024,2026-09-15T17:08:46+00:00
Barbie,2024,2023,false,tt1517268,6.8,705601,88,507,https://www.imdb.com/title/tt1517268/,https://www.rottentomatoes.com/m/barbie,https://www.oscars.org/oscars/ceremonies/2024,2026-09-15T17:08:46+00:00
The Holdovers,2024,2023,false,tt14849194,7.9,273816,97,364,https://www.imdb.com/title/tt14849194/,https://www.rottentomatoes.com/m/the_holdovers,https://www.oscars.org/oscars/ceremonies/2024,2026-09-15T17:08:46+00:00
Killers of the Flower Moon,2024,2023,false,tt5537002,7.5,313454,93,475,https://www.imdb.com/title/tt5537002/,https://www.rottentomatoes.com/m/killers_of_the_flower_moon,https://www.oscars.org/oscars/ceremonies/2024,2026-09-15T17:08:46+00:00
Maestro,2024,2023,false,tt5535276,6.5,70165,78,336,https://www.imdb.com/title/tt5535276/,https://www.rottentomatoes.com/m/maestro_2023,https://www.oscars.org/oscars/ceremonies/2024,2026-09-15T17:08:46+00:00
Oppenheimer,2024,2023,true,tt15398776,8.2,1097210,93,510,https://www.imdb.com/title/tt15398776/,https://www.rottentomatoes.com/m/oppenheimer_2023,https://www.oscars.org/oscars/ceremonies/2024,2026-09-15T17:08:46+00:00
Past Lives,2024,2023,false,tt13238346,7.8,177945,95,317,https://www.imdb.com/title/tt13238346/,https://www.rottentomatoes.com/m/past_lives,https://www.oscars.org/oscars/ceremonies/2024,2026-09-15T17:08:46+00:00
Poor Things,2024,2023,false,tt14230458,7.7,423046,92,379,https://www.imdb.com/title/tt14230458/,https://www.rottentomatoes.com/m/poor_things,https://www.oscars.org/oscars/ceremonies/2024,2026-09-15T17:08:46+00:00
The Zone of Interest,2024,2023,false,tt7160372,7.3,192632,93,358,https://www.imdb.com/title/tt7160372/,https://www.rottentomatoes.com/m/the_zone_of_interest,https://www.oscars.org/oscars/ceremonies/2024,2026-09-15T17:08:46+00:00
Anora,2025,2024,true,tt28607951,7.4,307072,93,356,https://www.imdb.com/title/tt28607951/,https://www.rottentomatoes.com/m/anora,https://www.oscars.org/oscars/ceremonies/2025,2026-09-15T17:08:46+00:00
The Brutalist,2025,2024,false,tt8999762,7.2,163467,93,338,https://www.imdb.com/title/tt8999762/,https://www.rottentomatoes.com/m/the_brutalist,https://www.oscars.org/oscars/ceremonies/2025,2026-09-15T17:08:46+00:00
A Complete Unknown,2025,2024,false,tt11563598,7.3,122368,81,343,https://www.imdb.com/title/tt11563598/,https://www.rottentomatoes.com/m/a_complete_unknown,https://www.oscars.org/oscars/ceremonies/2025,2026-09-15T17:08:46+00:00
Conclave,2025,2024,false,tt20215234,7.4,287829,93,337,https://www.imdb.com/title/tt20215234/,https://www.rottentomatoes.com/m/conclave,https://www.oscars.org/oscars/ceremonies/2025,2026-09-15T17:08:46+00:00
Dune: Part Two,2025,2024,false,tt15239678,8.4,792777,92,466,https://www.imdb.com/title/tt15239678/,https://www.rottentomatoes.com/m/dune_part_two,https://www.oscars.org/oscars/ceremonies/2025,2026-09-15T17:08:46+00:00
Emilia Pérez,2025,2024,false,tt20221436,5.3,135395,70,287,https://www.imdb.com/title/tt20221436/,https://www.rottentomatoes.com/m/emilia_perez,https://www.oscars.org/oscars/ceremonies/2025,2026-09-15T17:08:46+00:00
I'm Still Here,2025,2024,false,tt14961016,8.1,171755,97,205,https://www.imdb.com/title/tt14961016/,https://www.rottentomatoes.com/m/im_still_here_2024,https://www.oscars.org/oscars/ceremonies/2025,2026-09-15T17:08:46+00:00
Nickel Boys,2025,2024,false,tt23055660,6.9,24691,92,215,https://www.imdb.com/title/tt23055660/,https://www.rottentomatoes.com/m/nickel_boys,https://www.oscars.org/oscars/ceremonies/2025,2026-09-15T17:08:46+00:00
The Substance,2025,2024,false,tt17526714,7.2,462368,89,379,https://www.imdb.com/title/tt17526714/,https://www.rottentomatoes.com/m/the_substance,https://www.oscars.org/oscars/ceremonies/2025,2026-09-15T17:08:46+00:00
Wicked,2025,2024,false,tt1262426,7.3,257425,88,407,https://www.imdb.com/title/tt1262426/,https://www.rottentomatoes.com/m/wicked_2024,https://www.oscars.org/oscars/ceremonies/2025,2026-09-15T17:08:46+00:00
Bugonia,2026,2025,false,tt12300742,7.4,224792,87,342,https://www.imdb.com/title/tt12300742/,https://www.rottentomatoes.com/m/bugonia,https://www.oscars.org/oscars/ceremonies/2026,2026-09-15T17:21:20+00:00
F1,2026,2025,false,tt16311594,7.6,392024,82,369,https://www.imdb.com/title/tt16311594/,https://www.rottentomatoes.com/m/f1_the_movie,https://www.oscars.org/oscars/ceremonies/2026,2026-09-15T17:21:20+00:00
Frankenstein,2026,2025,false,tt1312221,7.4,337358,85,381,https://www.imdb.com/title/tt1312221/,https://www.rottentomatoes.com/m/frankenstein_2025,https://www.oscars.org/oscars/ceremonies/2026,2026-09-15T17:21:20+00:00
Hamnet,2026,2025,false,tt14905854,7.8,134551,86,353,https://www.imdb.com/title/tt14905854/,https://www.rottentomatoes.com/m/hamnet,https://www.oscars.org/oscars/ceremonies/2026,2026-09-15T17:21:20+00:00
Marty Supreme,2026,2025,false,tt32916440,7.5,218905,93,364,https://www.imdb.com/title/tt32916440/,https://www.rottentomatoes.com/m/marty_supreme,https://www.oscars.org/oscars/ceremonies/2026,2026-09-15T17:21:20+00:00
One Battle after Another,2026,2025,true,tt30144839,7.6,445247,94,447,https://www.imdb.com/title/tt30144839/,https://www.rottentomatoes.com/m/one_battle_after_another,https://www.oscars.org/oscars/ceremonies/2026,2026-09-15T17:21:20+00:00
The Secret Agent,2026,2025,false,tt27847051,7.2,62953,98,220,https://www.imdb.com/title/tt27847051/,https://www.rottentomatoes.com/m/the_secret_agent_2025,https://www.oscars.org/oscars/ceremonies/2026,2026-09-15T17:21:20+00:00
Sentimental Value,2026,2025,false,tt27714581,7.7,89318,95,253,https://www.imdb.com/title/tt27714581/,https://www.rottentomatoes.com/m/sentimental_value,https://www.oscars.org/oscars/ceremonies/2026,2026-09-15T17:21:20+00:00
Sinners,2026,2025,false,tt31193180,7.5,524631,97,439,https://www.imdb.com/title/tt31193180/,https://www.rottentomatoes.com/m/sinners_2025,https://www.oscars.org/oscars/ceremonies/2026,2026-09-15T17:21:20+00:00
Train Dreams,2026,2025,false,tt29768334,7.5,115581,93,245,https://www.imdb.com/title/tt29768334/,https://www.rottentomatoes.com/m/train_dreams,https://www.oscars.org/oscars/ceremonies/2026,2026-09-15T17:21:20+00:00
